id,issn_l,issn,display_name,host_organization,host_organization_name,host_organization_lineage,relevance_score,works_count,cited_by_count,summary_stats,is_oa,is_in_doaj,is_high_oa_rate,is_high_oa_rate_since_year,is_in_doaj_since_year,is_in_scielo,is_ojs,oa_flip_year,oa_works_count,first_publication_year,last_publication_year,ids,homepage_url,apc_prices,apc_usd,country_code,societies,alternate_titles,type,counts_by_year,works_api_url,updated_date,created_date,topics,team
https://openalex.org/S23772524,1473-3099,,The Lancet Infectious Diseases,https://openalex.org/P4310320990,Elsevier BV,,89950.734,10733,640606,,FALSE,FALSE,FALSE,NA,NA,FALSE,FALSE,NA,3902,1897,2026,,https://www.journals.elsevier.com/the-lancet-infectious-diseases,,6300,NL,,,journal,,https://api.openalex.org/works?filter=primary_location.source.id:S23772524,2026-03-21T10:02:58,2016-06-24T00:00:00,,A
https://openalex.org/S2531945440,2352-3018,,The Lancet HIV,https://openalex.org/P4310320990,Elsevier BV,,22354.842,1992,55289,,FALSE,FALSE,FALSE,NA,NA,FALSE,FALSE,NA,861,1979,2026,,https://www.journals.elsevier.com/the-lancet-hiv,,6300,NL,,,journal,,https://api.openalex.org/works?filter=primary_location.source.id:S2531945440,2026-03-21T10:02:58,2016-06-24T00:00:00,,A
https://openalex.org/S19579164,0163-4453,,Journal of Infection,https://openalex.org/P4310320990,Elsevier BV,,30570.979,10710,266130,,TRUE,TRUE,FALSE,NA,2024,FALSE,FALSE,2023,2445,1979,2026,,https://www.sciencedirect.com/journal/journal-of-infection,,4000,GB,,,journal,,https://api.openalex.org/works?filter=primary_location.source.id:S19579164,2026-03-21T10:02:58,2016-06-24T00:00:00,,A
https://openalex.org/S87161179,0195-6701,,Journal of Hospital Infection,https://openalex.org/P4310320990,Elsevier BV,,9744.172,11396,292005,,FALSE,FALSE,FALSE,NA,NA,FALSE,FALSE,NA,1873,1980,2026,,https://www.journals.elsevier.com/journal-of-hospital-infection,,3540,GB,,,journal,,https://api.openalex.org/works?filter=primary_location.source.id:S87161179,2026-03-21T10:02:58,2016-06-24T00:00:00,,A
https://openalex.org/S71414007,1198-743X,,Clinical Microbiology and Infection,https://openalex.org/P4310320990,Elsevier BV,,70077.58,10513,440635,,FALSE,FALSE,FALSE,NA,NA,FALSE,FALSE,NA,7437,1995,2026,,https://www.journals.elsevier.com/clinical-microbiology-and-infection,,3780,GB,,,journal,,https://api.openalex.org/works?filter=primary_location.source.id:S71414007,2026-03-21T10:02:58,2016-06-24T00:00:00,,A
https://openalex.org/S2735126445,2328-8957,,Open Forum Infectious Diseases,https://openalex.org/P4310311648,Oxford University Press,,41179.72,31220,113209,,TRUE,TRUE,FALSE,NA,2014,FALSE,FALSE,2013,31184,1967,2026,,https://academic.oup.com/ofid,,3064,GB,,,journal,,https://api.openalex.org/works?filter=primary_location.source.id:S2735126445,2026-03-21T10:02:58,2016-06-24T00:00:00,,A
https://openalex.org/S72350973,1058-4838,,Clinical Infectious Diseases,https://openalex.org/P4310311648,Oxford University Press,,145289.97,37191,2133290,,FALSE,FALSE,FALSE,NA,NA,FALSE,FALSE,NA,23507,1979,2026,,http://www.oxfordjournals.org/our_journals/cid/,,4320,US,,,journal,,https://api.openalex.org/works?filter=primary_location.source.id:S72350973,2026-03-21T10:02:58,2016-06-24T00:00:00,,A
https://openalex.org/S87161179,0195-6701,,Journal of Hospital Infection,https://openalex.org/P4310320990,Elsevier BV,,46991.258,11396,292005,,FALSE,FALSE,FALSE,NA,NA,FALSE,FALSE,NA,1873,1980,2026,,https://www.journals.elsevier.com/journal-of-hospital-infection,,3540,GB,,,journal,,https://api.openalex.org/works?filter=primary_location.source.id:S87161179,2026-03-21T10:02:58,2016-06-24T00:00:00,,A
https://openalex.org/S46544255,1935-2727,,PLoS neglected tropical diseases,https://openalex.org/P4310315706,Public Library of Science,,123461.86,13148,535538,,TRUE,TRUE,FALSE,NA,2007,FALSE,FALSE,2006,13104,1945,2026,,http://www.plosntds.org/,,2495,US,,,journal,,https://api.openalex.org/works?filter=primary_location.source.id:S46544255,2026-03-21T10:02:58,2016-06-24T00:00:00,,A
https://openalex.org/S53087977,0095-1137,,Journal of Clinical Microbiology,https://openalex.org/P4310320263,American Society for Microbiology,,99391.3,33368,1899836,,TRUE,TRUE,FALSE,NA,2025,FALSE,FALSE,2024,31686,1845,2026,,http://jcm.asm.org/,,NA,US,,,journal,,https://api.openalex.org/works?filter=primary_location.source.id:S53087977,2026-03-21T10:02:58,2016-06-24T00:00:00,,A
https://openalex.org/S189281586,1080-6040,,Emerging infectious diseases,https://openalex.org/P4310315581,Centers for Disease Control and Prevention,,100936.234,15057,851763,,TRUE,TRUE,TRUE,1995,1995,FALSE,FALSE,1994,15032,1935,2026,,http://www.cdc.gov/ncidod/eid/index.htm,,NA,US,,,journal,,https://api.openalex.org/works?filter=primary_location.source.id:S189281586,2026-03-21T10:02:58,2016-06-24T00:00:00,,A
https://openalex.org/S54542293,0022-1899,,The Journal of Infectious Diseases,https://openalex.org/P4310311648,Oxford University Press,,103176.76,38773,1895825,,FALSE,FALSE,FALSE,NA,NA,FALSE,FALSE,NA,19268,1849,2026,,http://jid.oxfordjournals.org/,,4320,US,,,journal,,https://api.openalex.org/works?filter=primary_location.source.id:S54542293,2026-03-21T10:02:58,2016-06-24T00:00:00,,A
https://openalex.org/S171015910,1471-2334,,BMC Infectious Diseases,https://openalex.org/P4310320256,BioMed Central,,73989.44,16612,406702,,TRUE,TRUE,FALSE,NA,2001,FALSE,FALSE,2000,16591,1967,2026,,https://link.springer.com/journal/12879,,2072,GB,,,journal,,https://api.openalex.org/works?filter=primary_location.source.id:S171015910,2026-03-21T10:02:58,2016-06-24T00:00:00,,A
https://openalex.org/S2764760790,2222-1751,,Emerging Microbes & Infections,https://openalex.org/P4310320547,Taylor & Francis,,46571.457,2507,100075,,TRUE,TRUE,FALSE,NA,2012,FALSE,FALSE,2011,2493,1968,2026,,https://www.tandfonline.com/toc/temi20/current,,2643,GB,,,journal,,https://api.openalex.org/works?filter=primary_location.source.id:S2764760790,2026-03-21T10:02:58,2016-06-24T00:00:00,,A
https://openalex.org/S2004986,1553-7366,,PLoS Pathogens,https://openalex.org/P4310315706,Public Library of Science,,106677.914,12455,859794,,TRUE,TRUE,FALSE,NA,2005,FALSE,FALSE,2004,12440,1919,2026,,http://www.plospathogens.org/,,2655,US,,,journal,,https://api.openalex.org/works?filter=primary_location.source.id:S2004986,2026-03-21T10:02:58,2016-06-24T00:00:00,,A
https://openalex.org/S2764926557,2058-5276,,Nature Microbiology,https://openalex.org/P4310319908,Nature Portfolio,,39958.81,2721,232090,,FALSE,FALSE,FALSE,NA,NA,FALSE,FALSE,NA,1581,1980,2026,,http://www.nature.com/nmicrobiol/,,11690,GB,,,journal,,https://api.openalex.org/works?filter=primary_location.source.id:S2764926557,2026-03-21T10:02:58,2016-06-24T00:00:00,,A
https://openalex.org/S49861241,0140-6736,,The Lancet,https://openalex.org/P4310320990,Elsevier BV,,230292.62,475239,10228532,,FALSE,FALSE,FALSE,NA,NA,FALSE,FALSE,NA,65178,1823,2026,,https://www.sciencedirect.com/journal/the-lancet,,6830,NL,,,journal,,https://api.openalex.org/works?filter=primary_location.source.id:S49861241,2026-03-21T10:02:58,2016-06-24T00:00:00,,B
https://openalex.org/S4393917726,1756-1833,,BMJ,NA,NA,,64200.188,62892,1176131,,FALSE,FALSE,FALSE,NA,NA,FALSE,FALSE,NA,14091,1997,2026,,NA,,NA,NA,,,journal,,https://api.openalex.org/works?filter=primary_location.source.id:S4393917726,2026-03-21T10:02:58,2016-06-24T00:00:00,,B
https://openalex.org/S125754415,0027-8424,,Proceedings of the National Academy of Sciences,https://openalex.org/P4310320052,National Academy of Sciences,,469483.78,169745,22574005,,FALSE,FALSE,FALSE,NA,NA,FALSE,FALSE,NA,154549,1915,2026,,http://www.pnas.org/,,NA,US,,,journal,,https://api.openalex.org/works?filter=primary_location.source.id:S125754415,2026-03-21T10:02:58,2016-06-24T00:00:00,,B
https://openalex.org/S172573765,0098-7484,,JAMA,https://openalex.org/P4310320259,American Medical Association,,171887.25,268543,6917993,,FALSE,FALSE,FALSE,NA,NA,FALSE,FALSE,NA,21423,1801,2026,,http://jama.ama-assn.org/,,NA,US,,,journal,,https://api.openalex.org/works?filter=primary_location.source.id:S172573765,2026-03-21T10:02:58,2016-06-24T00:00:00,,B
